987-65-4321, Will Smith, 200000, 250000, A01
987-65-4322, Margot Robbie, 300000, 325000, A04
987-65-4323, Ryan Gosling, 260000, 310000, A07
987-65-4324, Dwayne Johnson, 180000, 200000, A10
987-65-4325, Emma Stone, 285000, 315000, A02 
987-65-4326, Tom Hanks, 320000, 390000, A05
987-65-4327, Idris Elba, 380000, 410000, A08
987-65-4328, Gal Gadot, 210000, 245000, A01
987-65-4329, Will Ferrell, 270000, 310000, A02
987-64-4321, Chris Evans, 365000, 405000, A06
987-63-4321, Jamie Foxx, 375000, 400000, A08
987-62-4321, Tom Hardy, 300000, 330000, A03